number_of_platforms,number_of_workers,intrinsic_value,task_size_of_platform,task_computation_demand,performance_of_worker,task_computation_capacity,fluctuate_range,T_explore
3,3,"[-1.8179580223019478, 4.151704613677627, 9.236316125726919, 14.785650479665607]","[-1.1747790953308095, 3.2863650733205336, 10.676682587803409, 12.539059727202273]","[0.6500137746029586, 0.5345609451915782, 0.9835559942070271, 0.9228517639050416]","[-0.5781609136329156, 1.4632087322212763, 7.00970152162102, 11.665399457791787]","[1.6323519636720627, 1.553058982455576, 1.8367492010948308, 1.8801266179279206]",2,415164
