number_of_platforms,number_of_workers,intrinsic_value,task_size_of_platform,task_computation_demand,performance_of_worker,task_computation_capacity,fluctuate_range,T_explore
3,3,"[-3.1343198587364056, 5.365163254191004, 10.696672043394567, 11.509914659052473]","[-1.940550423393952, 4.112267583553721, 10.177649898986186, 11.954894711151221]","[0.6261873300151015, 0.5430177505942191, 0.5681690385508693, 0.9788539203835878]","[-2.8367220588500817, 5.00027103495964, 10.47959020139129, 11.344898632034209]","[1.6116369817371214, 1.9394460037929249, 1.6343184668866155, 1.9854466075899917]",2,10502029
