number_of_platforms,number_of_workers,intrinsic_value,task_size_of_platform,task_computation_demand,performance_of_worker,task_computation_capacity,fluctuate_range,T_explore
3,3,"[-3.2361532791428678, 3.448479619564537, 8.670127069947496, 11.94033800743914]","[-2.248247752953593, 1.0598766132804243, 8.074843833974525, 11.651857421971904]","[0.7290197069589959, 0.8039472396638428, 0.8673770494150727, 0.7862703099087175]","[-0.6392907543845681, 3.861001521735691, 7.981067610710259, 12.011588117713426]","[1.8986274169553448, 1.7737194763018334, 1.795666953739976, 1.6125866440697618]",2,63235
