number_of_platforms,number_of_workers,intrinsic_value,task_size_of_platform,task_computation_demand,performance_of_worker,task_computation_capacity,fluctuate_range,T_explore
3,3,"[-0.44436637002278534, 1.711508600834975, 4.650950073050931, 8.72431169769549]","[-0.21437120953283095, 1.5928672327302578, 5.85818712113387, 8.48509261866172]","[0.5992338063638922, 0.596440872799708, 0.6019061453270664, 0.5827592973892957]","[-1.0104116971283563, 1.4564988100155134, 4.404493370983074, 8.381637068636174]","[1.8167358177752009, 1.6804144977503626, 1.7378219896789753, 1.8089554305350002]",2,144832
